{
    "The Crypto with the best volume in 24H is ": {
        "Tether": 43411157407.918755
    },
    "The ten cryptocurrencies with the highest percent increase in 24H are ": {
        "NEAR Protocol": 17.12669252,
        "Decred": 15.87571231,
        "Aave": 11.91959048,
        "Reserve Rights": 11.75089445,
        "HedgeTrade": 10.32259717,
        "Band Protocol": 9.09256784,
        "Blockstack": 9.02147287,
        "THORChain": 7.25686145,
        "Energy Web Token": 7.17790635,
        "Decentraland": 6.82869998
    },
    "The ten cryptocurrencies with the lowest percent increase in 24H are ": {
        "Celo": -11.22327632,
        "Quant": -3.01815706,
        "ZB Token": -1.65761528,
        "Crypto.com Coin": -1.50423211,
        "DxChain Token": -1.05106246,
        "Hedera Hashgraph": -0.66850773,
        "CyberVein": -0.38554315,
        "Paxos Standard": -0.36168819,
        "Elrond": -0.24767739,
        "Nexo": -0.213401
    },
    "The USD needed to buy one unit of these first 20 cryptocurrencies by market capitalization is": {
        "Bitcoin": 15538.810620417573,
        "Wrapped Bitcoin": 15509.85005409876,
        "Ethereum": 455.6631308227618,
        "Bitcoin Cash": 269.63835221969737,
        "Bitcoin SV": 166.50887122467233,
        "Monero": 119.71376834650468,
        "Litecoin": 61.53519314939151,
        "Binance Coin": 28.56687506825778,
        "Chainlink": 12.86083074169194,
        "Polkadot": 4.39795056177626,
        "EOS": 2.55057324750186,
        "Tezos": 2.11710854668618,
        "UNUS SED LEO": 1.28422828722388,
        "Tether": 1.00049112275179,
        "USD Coin": 0.9997940535252,
        "XRP": 0.25555832084935,
        "Cardano": 0.10738049145225,
        "Stellar": 0.08226675859465,
        "Crypto.com Coin": 0.07541432400395,
        "TRON": 0.02550365950638,
        "TOTAL_PRICE": 48817.86
    },
    "The total price in US Dollars necessary to buy one unit of all these 39 cryptocurrencies whose volume is higher than 76000000 is": {
        "yearn.finance": 15554.812559688073,
        "Bitcoin": 15538.810620417573,
        "Ethereum": 455.6631308227618,
        "Bitcoin Cash": 269.63835221969737,
        "Bitcoin SV": 166.50887122467233,
        "Monero": 119.71376834650468,
        "Compound": 99.64518874022019,
        "Dash": 68.56785937994368,
        "Litecoin": 61.53519314939151,
        "Zcash": 61.24545947215994,
        "Aave": 51.99360234854852,
        "Filecoin": 30.68248267825905,
        "Binance Coin": 28.56687506825778,
        "Neo": 15.54553859462714,
        "Chainlink": 12.86083074169194,
        "Band Protocol": 5.87694576762388,
        "Ethereum Classic": 5.17615274202708,
        "Cosmos": 4.8824408973783,
        "Polkadot": 4.39795056177626,
        "Synthetix": 4.15159955614785,
        "Huobi Token": 3.75598665861989,
        "OMG Network": 3.2049242592797,
        "Uniswap": 2.82445374217914,
        "EOS": 2.55057324750186,
        "Tezos": 2.11710854668618,
        "Qtum": 2.02719425573202,
        "Dai": 1.0072991858281,
        "Tether": 1.00049112275179,
        "Binance USD": 0.9999,
        "USD Coin": 0.9997940535252,
        "TrueUSD": 0.99915571387436,
        "Paxos Standard": 0.99842302510291,
        "Ontology": 0.46923938324261,
        "XRP": 0.25555832084935,
        "Basic Attention Token": 0.19815849020518,
        "Cardano": 0.10738049145225,
        "Stellar": 0.08226675859465,
        "TRON": 0.02550365950638,
        "VeChain": 0.01129351145475,
        "TOTAL_PRICE": 32583.91
    },
    "The percentage of gain or loss maded if you had bought one unit of each 20 top cryptocurrencies in marketcap order on the previous day is ": {
        "Bitcoin Cash": 3.90878663,
        "Cardano": 2.71318798,
        "Monero": 2.20492793,
        "Wrapped Bitcoin": 2.07902588,
        "Chainlink": 1.99704712,
        "Bitcoin": 1.82385265,
        "Ethereum": 1.73413759,
        "Tezos": 1.49104509,
        "Polkadot": 1.36186056,
        "Stellar": 0.89632702,
        "Litecoin": 0.83739364,
        "Bitcoin SV": 0.78995559,
        "Binance Coin": 0.50015028,
        "UNUS SED LEO": 0.44503701,
        "XRP": 0.39335594,
        "EOS": 0.04790489,
        "USD Coin": -0.01395326,
        "Tether": -0.03093169,
        "TRON": -0.09010585,
        "Crypto.com Coin": -1.50423211,
        "TOTAL_GAIN/LOSS_PERCENTAGE": 1.9557149412152752
    }
}